[
  {
    "text": "Watching my web dev lecture... This class is so awesome!",
    "author": "CSMajor2020"
  },
  {
    "text": "Anyone missing baseball?  It'd be fun to be able to watch the Beavs right now!",
    "author": "BeaverBeliever"
  },
  {
    "text": "A body in motion must remain in motion unless acted upon by an outside force.",
    "author": "NewtonRulez"
  },
  {
    "text": "Huh?",
    "author": "ConfusedTweeterer"
  },
  {
    "text": "Why did the calf cross the road?",
    "author": "Setup"
  },
  {
    "text": "To get to the udder side!",
    "author": "Punchline"
  },
  {
    "text": "Any questions about flexboxes?",
    "author": "Hess"
  },
  {
    "text": "Friendly reminder: your taxes were due yesterday.",
    "author": "TheIRS"
  }
]
